                  epoch,         train/box_loss,         train/cls_loss,         train/dfl_loss,   metrics/precision(B),      metrics/recall(B),       metrics/mAP50(B),    metrics/mAP50-95(B),           val/box_loss,           val/cls_loss,           val/dfl_loss,                 lr/pg0,                 lr/pg1,                 lr/pg2
                      1,                 1.2024,                 1.5976,                 1.3281,                 0.0329,                0.60833,                0.02977,                0.01504,                 1.5073,                 138.15,                 2.5476,               0.070254,              0.0033051,              0.0033051
                      2,                 1.3443,                 1.2835,                 1.4274,                0.08636,                0.15833,                0.04227,                0.02006,                  1.459,                 73.969,                 1.9284,               0.040228,              0.0066125,              0.0066125
